Ablation;Basis_Modell;Experimenttyp;fold;fit_time_seconds;score_time_seconds;macro_f1;weighted_f1;balanced_accuracy;accuracy;test_macro_f1;train_macro_f1;generalization_gap_macro_f1;test_weighted_f1;train_weighted_f1;generalization_gap_weighted_f1;test_balanced_accuracy;train_balanced_accuracy;generalization_gap_balanced_accuracy;test_accuracy;train_accuracy;generalization_gap_accuracy;model_signature;val_macro_f1;val_weighted_f1;val_balanced_accuracy;val_accuracy
Full model;SGD hinge balanced;Feature-Ablation;1;5.94193172454834;0.8487255573272705;;;;;;0.931856286197519;0.097643072535593;;0.9660259735049422;0.0418025455532262;;0.9724220976654177;0.1305307684212735;;0.965534262485482;0.0423635307781649;3469d860060e;0.834213213661926;0.924223427951716;0.8418913292441441;0.9231707317073172
Full model;SGD hinge balanced;Feature-Ablation;2;5.896103143692017;0.6854774951934814;;;;;;0.874518156680013;0.1232281969012396;;0.9574743639175676;0.0431798858738876;;0.9321499870069924;0.1299146952264733;;0.9537746806039488;0.0440185830429732;3469d860060e;0.7512899597787733;0.91429447804368;0.8022352917805189;0.9097560975609756
Full model;SGD hinge balanced;Feature-Ablation;3;5.892427682876587;0.6675052642822266;;;;;;0.919986794971892;0.0943221914833521;;0.9668136414016676;0.0474835570359182;;0.96748454502412;0.1169910209526076;;0.9664053426248548;0.0480255516840881;3469d860060e;0.8256646034885398;0.9193300843657491;0.8504935240715124;0.9183797909407666
Full model;SGD hinge balanced;Feature-Ablation;4;6.344391345977783;0.6681995391845703;;;;;;0.921429649221704;0.1070912642029076;;0.9653902347802172;0.0438458299311841;;0.9707203426420196;0.1126270088295533;;0.9649825783972126;0.0446864111498258;3469d860060e;0.8143383850187964;0.921544404849033;0.8580933338124663;0.9202961672473868
Zweck only;SGD hinge balanced;Feature-Ablation;1;1.903022527694702;0.2704992294311523;;;;;;0.7372900648177285;0.1821657344122473;;0.8973690747441686;0.088250226204667;;0.9169217022438164;0.2262388973768765;;0.888704994192799;0.0953252032520324;7a6b71ee5cd8;0.5551243304054811;0.8091188485395016;0.69068280486694;0.7933797909407666
Zweck only;SGD hinge balanced;Feature-Ablation;2;1.883256435394287;0.2632932662963867;;;;;;0.731787203332653;0.1516763048813691;;0.8993642449275036;0.085903419539251;;0.9197120054884058;0.1951052058992733;;0.8876016260162601;0.096835075493612;7a6b71ee5cd8;0.5801108984512838;0.8134608253882525;0.7246067995891324;0.7907665505226481
Zweck only;SGD hinge balanced;Feature-Ablation;3;1.8935775756835935;0.2609171867370605;;;;;;0.7421792304715098;0.173150786384803;;0.9003908143090745;0.089002292384744;;0.9155082251965532;0.2171876111947673;;0.8935249709639953;0.0961382113821137;7a6b71ee5cd8;0.5690284440867067;0.8113885219243305;0.6983206140017857;0.7973867595818815
Zweck only;SGD hinge balanced;Feature-Ablation;4;1.9480173587799072;0.26021409034729;;;;;;0.7728105063468375;0.1956092457694157;;0.8972623362369815;0.0868679950249899;;0.923960463820312;0.2214583646964707;;0.890418118466899;0.0949477351916376;7a6b71ee5cd8;0.5772012605774217;0.8103943412119915;0.7025020991238413;0.7954703832752613
Zweck + geber text;SGD hinge balanced;Repräsentationsexperiment;1;2.9249048233032227;0.5570745468139648;;;;;;0.8821128773152649;0.1269913308083756;;0.9489883117359524;0.0524214215237237;;0.9440736359666462;0.1548850038815539;;0.947822299651568;0.0527003484320557;0bdc9d6159eb;0.7551215465068892;0.8965668902122288;0.7891886320850923;0.8951219512195122
Zweck + geber text;SGD hinge balanced;Repräsentationsexperiment;2;2.499063491821289;0.5088357925415039;;;;;;0.857002160740854;0.1305305921327191;;0.9469138353715024;0.0528202528933086;;0.9315405958090296;0.1448737938314439;;0.9448315911730546;0.054849012775842;0bdc9d6159eb;0.7264715686081349;0.8940935824781938;0.7866668019775858;0.8899825783972125
Zweck + geber text;SGD hinge balanced;Repräsentationsexperiment;3;3.6901137828826895;0.437605619430542;;;;;;0.8314848201052685;0.0936108481373195;;0.9482783319969476;0.052866191985571;;0.9280801732942112;0.1124695925750269;;0.9463124274099884;0.054239256678281;0bdc9d6159eb;0.7378739719679489;0.8954121400113766;0.8156105807191842;0.8920731707317073
Zweck + geber text;SGD hinge balanced;Repräsentationsexperiment;4;3.24609923362732;0.5304069519042969;;;;;;0.8643827307095007;0.1151744186385983;;0.9470571370973728;0.0505053069810839;;0.9385203903206883;0.1046255380393844;;0.9457317073170732;0.051567944250871;0bdc9d6159eb;0.7492083120709023;0.896551830116289;0.8338948522813039;0.894163763066202
Zweck + geber category;SGD hinge balanced;Repräsentationsexperiment;1;2.456864833831787;0.2907741069793701;;;;;;0.8751400718734228;0.1064973379409162;;0.9487310777221262;0.0504695384059327;;0.9456465295211396;0.1512489863659191;;0.947560975609756;0.0505226480836236;d2376ac49728;0.7686427339325066;0.8982615393161935;0.7943975431552204;0.8970383275261324
Zweck + geber category;SGD hinge balanced;Repräsentationsexperiment;2;1.9584171772003172;0.2512245178222656;;;;;;0.8591159375823014;0.1193815720483292;;0.9472925835658402;0.0531524491618098;;0.9454555413072574;0.1367179139323225;;0.9458478513356562;0.0545586527293844;d2376ac49728;0.7397343655339722;0.8941401344040304;0.8087376273749348;0.8912891986062718
Zweck + geber category;SGD hinge balanced;Repräsentationsexperiment;3;1.8912582397460935;0.2395601272583007;;;;;;0.8537140748746159;0.0987991145058915;;0.9490743685772316;0.0524335339685204;;0.9418713156908652;0.1178822697299661;;0.9474738675958188;0.0538327526132405;d2376ac49728;0.7549149603687244;0.8966408346087111;0.823989045960899;0.8936411149825784
Zweck + geber category;SGD hinge balanced;Repräsentationsexperiment;4;2.2790300846099854;0.2553167343139648;;;;;;0.8594332222150638;0.1242967987744578;;0.9466951922675612;0.0520540419983288;;0.9334459185097193;0.1102955876361998;;0.9454703832752612;0.053397212543554;d2376ac49728;0.7351364234406059;0.8946411502692324;0.8231503308735194;0.8920731707317073
Ohne Empfängeridentität;SGD hinge balanced;Feature-Ablation;1;4.011799097061157;0.4718141555786133;;;;;;0.8716803952239554;0.1103046128583123;;0.9426940615344932;0.0459386398711282;;0.9394204908981708;0.1389643792008973;;0.940795586527294;0.0461962833914053;ac655b64d5d3;0.761375782365643;0.896755421663365;0.8004561116972734;0.8945993031358885
Ohne Empfängeridentität;SGD hinge balanced;Feature-Ablation;2;3.591193675994873;0.495065689086914;;;;;;0.8552844566062555;0.1198512212599139;;0.9341376315273364;0.0491696040904141;;0.9288410348569582;0.1336714775428215;;0.931910569105691;0.0509001161440185;ac655b64d5d3;0.7354332353463415;0.8849680274369222;0.7951695573141367;0.8810104529616725
Ohne Empfängeridentität;SGD hinge balanced;Feature-Ablation;3;3.842406749725342;0.459630012512207;;;;;;0.8487770307505331;0.1144370356994131;;0.9402661237108904;0.0520418096263067;;0.935657032138329;0.1335134350271033;;0.9387921022067364;0.0536004645760743;ac655b64d5d3;0.73433999505112;0.8882243140845837;0.8021435971112256;0.885191637630662
Ohne Empfängeridentität;SGD hinge balanced;Feature-Ablation;4;5.153725862503052;0.8402304649353027;;;;;;0.8718824950137561;0.1000195477032221;;0.9418817402766256;0.05078180885046;;0.9384265730286832;0.112714607704524;;0.939924506387921;0.0519454123112659;ac655b64d5d3;0.771862947310534;0.8910999314261655;0.8257119653241591;0.8879790940766551
Ohne Anschrift;SGD hinge balanced;Feature-Ablation;1;5.5418078899383545;0.6096334457397461;;;;;;0.9286398212998735;0.1131883033258422;;0.9617355088446148;0.0384883690997519;;0.9662899554929456;0.1421144427634189;;0.9609756097560976;0.0387630662020905;65043bdf94a7;0.8154515179740314;0.9232471397448628;0.8241755127295267;0.922212543554007
Ohne Anschrift;SGD hinge balanced;Feature-Ablation;2;5.4174885749816895;0.9129922389984132;;;;;;0.861983538216627;0.1048733012960669;;0.958149112449772;0.0406905130663708;;0.932659254700593;0.1158792396154571;;0.956068524970964;0.0419570267131241;65043bdf94a7;0.75711023692056;0.9174585993834012;0.8167800150851359;0.9141114982578398
Ohne Anschrift;SGD hinge balanced;Feature-Ablation;3;5.70893144607544;0.5608770847320557;;;;;;0.90172001877645;0.1007820273058561;;0.961670663348661;0.0447639169182773;;0.961778516573957;0.1116102218366783;;0.9608885017421602;0.0455574912891985;65043bdf94a7;0.8009379914705939;0.9169067464303836;0.8501682947372786;0.9153310104529616
Ohne Anschrift;SGD hinge balanced;Feature-Ablation;4;5.649211645126343;0.5659651756286621;;;;;;0.91897909012505;0.098029930855115;;0.9632222365079692;0.0417808781551106;;0.9696033012691452;0.1122356679932609;;0.962137049941928;0.0429732868757258;65043bdf94a7;0.8209491592699351;0.9214413583528588;0.8573676332758843;0.919163763066202
Ohne Name;SGD hinge balanced;Feature-Ablation;1;5.415805578231812;0.6663486957550049;;;;;;0.8774593663622052;0.1049073479172699;;0.9586385501607562;0.0400607083244656;;0.9505454997279552;0.1363819668514174;;0.9564169570267133;0.0396051103368176;79ef1f8fbb7a;0.7725520184449353;0.9185778418362904;0.8141635328765378;0.9168118466898956
Ohne Name;SGD hinge balanced;Feature-Ablation;2;5.066870927810669;0.6075279712677002;;;;;;0.8718762248094108;0.13659886133388;;0.947226521284232;0.044871667346263;;0.9242233001004918;0.1313005970482419;;0.9413472706155632;0.0467479674796748;79ef1f8fbb7a;0.7352773634755309;0.902354853937969;0.7929227030522499;0.8945993031358885
Ohne Name;SGD hinge balanced;Feature-Ablation;3;5.116303682327271;0.6141016483306885;;;;;;0.9013840416572724;0.118450153527214;;0.9631268441315108;0.0516667715506149;;0.9574898880943676;0.1322809815446272;;0.9624274099883856;0.0521486643437862;79ef1f8fbb7a;0.7829338881300583;0.911460072580896;0.8252089065497403;0.9102787456445992
Ohne Name;SGD hinge balanced;Feature-Ablation;4;4.841250896453857;0.539417028427124;;;;;;0.9117480248939456;0.0959455231361426;;0.9616058678177531;0.0460380235186178;;0.9676449064737728;0.1158783030044179;;0.9610336817653892;0.0469221835075492;79ef1f8fbb7a;0.8158025017578028;0.9155678442991352;0.8517666034693548;0.9141114982578398
Text only;SGD hinge balanced;Feature-Ablation;1;4.749178886413574;0.6581382751464844;;;;;;0.9239407275902554;0.1211338697772642;;0.9676736557134056;0.0429409726017401;;0.9732675666490568;0.1552260281940827;;0.9671602787456446;0.043205574912892;7bad6a6c83fc;0.8028068578129911;0.9247326831116656;0.8180415384549742;0.9239547038327526
Text only;SGD hinge balanced;Feature-Ablation;2;4.800389051437378;0.6647450923919678;;;;;;0.9160585234492256;0.1048994355374861;;0.9686444042700422;0.0438475799726072;;0.9737660324506026;0.1104736533191249;;0.9679442508710802;0.0449477351916376;7bad6a6c83fc;0.8111590879117394;0.9247968242974348;0.8632923791314776;0.9229965156794424
Text only;SGD hinge balanced;Feature-Ablation;3;5.059326410293579;0.729224443435669;;;;;;0.892207631183321;0.1056961823542342;;0.9680050150922485;0.0477270612115355;;0.9727651388644862;0.1081147036844614;;0.9671312427409988;0.0484030197444831;7bad6a6c83fc;0.7865114488290867;0.9202779538807128;0.8646504351800248;0.9187282229965156
Text only;SGD hinge balanced;Feature-Ablation;4;4.88199520111084;0.6590430736541748;;;;;;0.8948757201524195;0.1002476430585764;;0.9676354492306296;0.0439004002218056;;0.9713522358468384;0.0997938010850173;;0.9667247386759582;0.0450348432055749;7bad6a6c83fc;0.794628077093843;0.923735049008824;0.8715584347618212;0.9216898954703832
Text + categorical;SGD hinge balanced;Feature-Ablation;1;5.445807218551636;0.7307939529418945;;;;;;0.9000378612875455;0.0885449080137472;;0.9635299894764144;0.0415962299068974;;0.9616571043877666;0.1227661739157928;;0.9624854819976773;0.0418408826945412;8a582e76caa9;0.8114929532737982;0.9219337595695168;0.8388909304719738;0.920644599303136
Text + categorical;SGD hinge balanced;Feature-Ablation;2;5.835144758224487;0.6967127323150635;;;;;;0.9191414522213972;0.1161615441223031;;0.9648252796607356;0.0425467220262126;;0.9730555080385834;0.1274788627316886;;0.9640243902439024;0.0437282229965156;8a582e76caa9;0.8029799080990939;0.922278557634523;0.8455766453068948;0.9202961672473868
Text + categorical;SGD hinge balanced;Feature-Ablation;3;5.442436933517456;0.6751565933227539;;;;;;0.9244712282056;0.0974782534242088;;0.9667324266278442;0.0457936435959805;;0.9750409068759032;0.1229199803889121;;0.9662020905923344;0.0463414634146341;8a582e76caa9;0.8269929747813913;0.9209387830318636;0.852120926486991;0.9198606271777005
Text + categorical;SGD hinge balanced;Feature-Ablation;4;5.420754909515381;0.6771554946899414;;;;;;0.9260156311010612;0.1075140039460542;;0.9676229494431428;0.044068990958922;;0.9745761093007372;0.1080527331667212;;0.967218350754936;0.0449186991869918;8a582e76caa9;0.818501627155007;0.9235539584842208;0.8665233761340159;0.9222996515679442
Full with geber category;SGD hinge balanced;Repräsentationsexperiment;1;5.701262712478638;0.6259095668792725;;;;;;0.9185448498576932;0.1115873503141459;;0.964714660392013;0.0419968553739018;;0.9689033178096256;0.1482820524376056;;0.9639372822299652;0.0428571428571428;603e8d774496;0.8069574995435472;0.9227178050181112;0.8206212653720201;0.9210801393728224
Full with geber category;SGD hinge balanced;Repräsentationsexperiment;2;5.13116717338562;0.6232352256774902;;;;;;0.859598964252709;0.1046328555533712;;0.9519127231266422;0.0397356065953313;;0.9310004266996356;0.1238835073363647;;0.946835075493612;0.0411730545876888;603e8d774496;0.7549661086993378;0.9121771165313108;0.8071169193632709;0.9056620209059232
Full with geber category;SGD hinge balanced;Repräsentationsexperiment;3;5.930316925048828;0.6327793598175049;;;;;;0.8912606049451698;0.0786784271700511;;0.9627202398615536;0.0460098983581137;;0.954802962569108;0.1112964581352429;;0.961411149825784;0.0465156794425087;603e8d774496;0.8125821777751187;0.91671034150344;0.8435065044338651;0.9148954703832752
Full with geber category;SGD hinge balanced;Repräsentationsexperiment;4;5.977837085723877;0.593268871307373;;;;;;0.9276239961151768;0.1123330468820626;;0.9657758123015108;0.0432356022600606;;0.9733038958812652;0.1163353461361664;;0.965040650406504;0.0443089430894309;603e8d774496;0.815290949233114;0.92254021004145;0.8569685497450987;0.9207317073170732
Full with geber and art as text;SGD hinge balanced;Repräsentationsexperiment;1;5.903459548950195;0.8831946849822998;;;;;;0.905386601986202;0.1111566671660484;;0.963914725351764;0.0421674501729555;;0.9557201527571414;0.1456837758176959;;0.9630662020905923;0.0425087108013937;d5d8e9fed161;0.7942299348201536;0.9217472751788086;0.8100363769394454;0.9205574912891986
Full with geber and art as text;SGD hinge balanced;Repräsentationsexperiment;2;5.729403972625732;0.6949942111968994;;;;;;0.8925430805358243;0.0975791553020366;;0.964206476559072;0.0428066474084749;;0.9664255307129056;0.1070217554834904;;0.963124274099884;0.0436991869918699;d5d8e9fed161;0.7949639252337877;0.9213998291505971;0.859403775229415;0.919425087108014
Full with geber and art as text;SGD hinge balanced;Repräsentationsexperiment;3;6.03797721862793;0.7609937191009521;;;;;;0.8912374304635293;0.1248201136188389;;0.9647376527546576;0.0481348694828748;;0.9544510284465104;0.1165025330249451;;0.963588850174216;0.0486062717770034;d5d8e9fed161;0.7664173168446904;0.9166027832717828;0.8379484954215652;0.9149825783972124
Full with geber and art as text;SGD hinge balanced;Repräsentationsexperiment;4;6.117449998855591;0.6804494857788086;;;;;;0.8965021892816112;0.1106416458095151;;0.9665786861123036;0.0451117375301625;;0.9708275051261894;0.1132649863400756;;0.9657955865272938;0.0460220673635307;d5d8e9fed161;0.785860543472096;0.921466948582141;0.8575625187861138;0.919773519163763
